<?xml version="1.0" encoding="UTF-8"?>
<!-- Copyright ETS-Soft -->
<menus><menu id_menu="1" sort_order="1" enabled="1" id_cms="0" id_manufacturer="0" id_category="0" link_type="HOME" sub_menu_type="FULL" sub_menu_max_width="20" custom_class="" bubble_text_color="#ffffff" bubble_background_color="#FC4444" title="Home" link="http://localhost/prestashop/probusiness/en" bubble_text="" menu_link="http://localhost/prestashop/en/"><columns/></menu><menu id_menu="2" sort_order="2" enabled="1" id_cms="0" id_manufacturer="0" id_category="10" link_type="CATEGORY" sub_menu_type="FULL" sub_menu_max_width="100" custom_class="" bubble_text_color="#ffffff" bubble_background_color="#FC4444" title="Watch" link="" bubble_text="" menu_link="http://localhost/prestashop/en/10-watches"><columns><column id_menu="2" is_breaker="0" column_size="2" sort_order="1"><blocks><block id_column="2" block_type="CATEGORY" image="" sort_order="1" enabled="1" id_categories="21,22,23" id_manufacturers="" id_products="" id_cmss="" display_title="1" title="Brands" title_link="" content="" image_link=""/></blocks></column><column id_menu="2" is_breaker="0" column_size="2" sort_order="2"><blocks><block id_column="4" block_type="CATEGORY" image="" sort_order="1" enabled="1" id_categories="24,25,26" id_manufacturers="" id_products="" id_cmss="" display_title="1" title="Materials" title_link="" content="" image_link=""/></blocks></column><column id_menu="2" is_breaker="0" column_size="2" sort_order="3"><blocks><block id_column="12" block_type="CATEGORY" image="" sort_order="1" enabled="1" id_categories="30,31,32" id_manufacturers="" id_products="" id_cmss="" display_title="1" title="Glass" title_link="" content="" image_link=""/></blocks></column><column id_menu="2" is_breaker="0" column_size="2" sort_order="4"><blocks><block id_column="13" block_type="CATEGORY" image="" sort_order="1" enabled="1" id_categories="27,28" id_manufacturers="" id_products="" id_cmss="" display_title="1" title="Movement" title_link="" content="" image_link=""/></blocks></column><column id_menu="2" is_breaker="0" column_size="3" sort_order="5"><blocks><block id_column="14" block_type="CATEGORY" image="" sort_order="1" enabled="1" id_categories="29,33,34,35,36" id_manufacturers="" id_products="" id_cmss="" display_title="1" title="Strap" title_link="" content="" image_link=""/></blocks></column></columns></menu><menu id_menu="3" sort_order="3" enabled="1" id_cms="0" id_manufacturer="0" id_category="11" link_type="CATEGORY" sub_menu_type="FULL" sub_menu_max_width="100" custom_class="" bubble_text_color="#ffffff" bubble_background_color="#FC4444" title="Accessories" link="#" bubble_text="" menu_link="http://localhost/prestashop/en/11-accessories"><columns><column id_menu="3" is_breaker="0" column_size="3" sort_order="1"><blocks><block id_column="7" block_type="CATEGORY" image="" sort_order="1" enabled="1" id_categories="17" id_manufacturers="" id_products="" id_cmss="" display_title="0" title="Toolkits" title_link="" content="" image_link=""/></blocks></column><column id_menu="3" is_breaker="0" column_size="3" sort_order="2"><blocks><block id_column="8" block_type="CATEGORY" image="" sort_order="1" enabled="1" id_categories="18" id_manufacturers="" id_products="" id_cmss="" display_title="0" title="Boxes" title_link="" content="" image_link=""/></blocks></column><column id_menu="3" is_breaker="0" column_size="3" sort_order="3"><blocks><block id_column="9" block_type="CATEGORY" image="" sort_order="1" enabled="1" id_categories="19" id_manufacturers="" id_products="" id_cmss="" display_title="0" title="Straps" title_link="" content="" image_link=""/></blocks></column><column id_menu="3" is_breaker="0" column_size="3" sort_order="4"><blocks><block id_column="10" block_type="CATEGORY" image="" sort_order="1" enabled="1" id_categories="20" id_manufacturers="" id_products="" id_cmss="" display_title="0" title="Buckles" title_link="" content="" image_link=""/></blocks></column></columns></menu></menus>
